{"stat.flyOneCm":2111,"stat.walkOneCm":12195,"stat.pickup.minecraft.diamond":2,"stat.jump":49,"stat.swimOneCm":67,"stat.playOneMinute":24544,"stat.killEntity.jenny":1,"stat.sneakTime":2850,"stat.pickup.minecraft.iron_sword":1,"stat.pickup.sexmod.allies_lamp":3,"stat.damageDealt":350,"stat.pickup.minecraft.porkchop":1,"stat.crouchOneCm":3542,"stat.timeSinceDeath":24544,"stat.sprintOneCm":444,"stat.mobKills":1,"stat.pickup.minecraft.emerald":1,"stat.pickup.minecraft.bow":1,"stat.useItem.minecraft.diamond_sword":5,"stat.diveOneCm":374,"stat.pickup.minecraft.gold_ingot":1}