{"stat.walkOneCm":12717,"stat.leaveGame":1,"stat.pickup.minecraft.iron_sword":1,"stat.pickup.sexmod.allies_lamp":3,"stat.useItem.minecraft.diamond_sword":5,"stat.jump":50,"stat.swimOneCm":67,"stat.pickup.minecraft.porkchop":1,"stat.crouchOneCm":3760,"stat.sprintOneCm":444,"stat.pickup.minecraft.bow":1,"stat.pickup.minecraft.gold_ingot":1,"stat.killEntity.jenny":1,"stat.mobKills":1,"stat.pickup.minecraft.emerald":1,"stat.flyOneCm":2111,"stat.pickup.minecraft.diamond":2,"stat.playOneMinute":31247,"stat.sneakTime":3037,"stat.damageDealt":350,"stat.timeSinceDeath":31247,"stat.diveOneCm":374}