{"stat.walkOneCm":21231,"stat.leaveGame":3,"stat.pickup.minecraft.iron_sword":1,"stat.pickup.sexmod.allies_lamp":3,"stat.useItem.minecraft.diamond_sword":5,"stat.jump":88,"stat.swimOneCm":384,"stat.pickup.minecraft.porkchop":1,"stat.crouchOneCm":4678,"stat.sprintOneCm":558,"stat.useItem.minecraft.stone_slab2":1,"stat.pickup.minecraft.bow":1,"stat.pickup.minecraft.gold_ingot":1,"stat.killEntity.jenny":1,"stat.mobKills":1,"stat.pickup.minecraft.emerald":1,"stat.flyOneCm":3037,"stat.pickup.minecraft.diamond":2,"stat.playOneMinute":43779,"stat.sneakTime":4237,"stat.damageDealt":370,"stat.timeSinceDeath":43779,"stat.diveOneCm":5208}