{"stat.walkOneCm":79846,"stat.pickup.minecraft.bone":2,"stat.useItem.minecraft.iron_axe":2,"stat.leaveGame":6,"stat.pickup.minecraft.arrow":1,"stat.pickup.sexmod.allies_lamp":1,"stat.killEntity.bee":1,"stat.useItem.minecraft.diamond_sword":14,"stat.useItem.minecraft.potion":2,"stat.jump":165,"stat.swimOneCm":491,"stat.pickup.minecraft.porkchop":1,"stat.crouchOneCm":1431,"stat.pickup.minecraft.dirt":6,"stat.sprintOneCm":22418,"stat.useItem.minecraft.stone_slab2":5,"stat.pickup.minecraft.sand":4,"stat.killEntity.Skeleton":1,"stat.mobKills":1,"stat.drop.sexmod.allies_lamp":2,"stat.flyOneCm":30172,"stat.drop":3,"stat.mineBlock.minecraft.sand":4,"stat.playOneMinute":61884,"stat.sneakTime":2259,"stat.damageDealt":1184,"stat.drop.minecraft.arrow":1,"stat.timeSinceDeath":61884,"stat.mineBlock.minecraft.dirt":6,"stat.useItem.minecraft.spawn_egg":8,"stat.diveOneCm":3960}