{"stat.pickup.minecraft.sand":4,"stat.killEntity.Skeleton":1,"stat.walkOneCm":75823,"stat.pickup.minecraft.bone":2,"stat.leaveGame":3,"stat.pickup.minecraft.arrow":1,"stat.pickup.sexmod.allies_lamp":1,"stat.useItem.minecraft.diamond_sword":14,"stat.useItem.minecraft.potion":2,"stat.drop.sexmod.allies_lamp":2,"stat.flyOneCm":15167,"stat.drop":3,"stat.jump":153,"stat.mineBlock.minecraft.sand":4,"stat.swimOneCm":454,"stat.playOneMinute":43755,"stat.sneakTime":1622,"stat.damageDealt":1018,"stat.crouchOneCm":1385,"stat.drop.minecraft.arrow":1,"stat.timeSinceDeath":43755,"stat.pickup.minecraft.dirt":6,"stat.sprintOneCm":22021,"stat.mineBlock.minecraft.dirt":6,"stat.useItem.minecraft.stone_slab2":5,"stat.useItem.minecraft.spawn_egg":4,"stat.diveOneCm":3960}