{"stat.pickup.minecraft.sand":4,"stat.walkOneCm":67877,"stat.leaveGame":3,"stat.pickup.sexmod.allies_lamp":1,"stat.useItem.minecraft.diamond_sword":14,"stat.useItem.minecraft.potion":2,"stat.drop.sexmod.allies_lamp":2,"stat.flyOneCm":14089,"stat.drop":2,"stat.jump":129,"stat.mineBlock.minecraft.sand":4,"stat.swimOneCm":454,"stat.playOneMinute":32055,"stat.sneakTime":1089,"stat.damageDealt":988,"stat.crouchOneCm":714,"stat.timeSinceDeath":32055,"stat.pickup.minecraft.dirt":6,"stat.sprintOneCm":14340,"stat.mineBlock.minecraft.dirt":6,"stat.useItem.minecraft.stone_slab2":4,"stat.useItem.minecraft.spawn_egg":4,"stat.diveOneCm":3960}