{"stat.pickup.minecraft.sand":4,"stat.walkOneCm":41465,"stat.leaveGame":3,"stat.useItem.minecraft.diamond_sword":14,"stat.useItem.minecraft.potion":2,"stat.flyOneCm":7285,"stat.jump":91,"stat.mineBlock.minecraft.sand":4,"stat.swimOneCm":454,"stat.playOneMinute":20355,"stat.sneakTime":934,"stat.damageDealt":978,"stat.crouchOneCm":714,"stat.timeSinceDeath":20355,"stat.pickup.minecraft.dirt":6,"stat.sprintOneCm":12727,"stat.mineBlock.minecraft.dirt":6,"stat.useItem.minecraft.stone_slab2":4,"stat.useItem.minecraft.spawn_egg":4,"stat.diveOneCm":3960}