{
  "minecraft:recipes/transportation/acacia_boat": {
    "criteria": {
      "entered_water": "2024-07-14 06:16:38 +0000"
    },
    "done": true
  },
  "minecraft:recipes/redstone/redstone": {
    "criteria": {
      "has_redstone_block": "2024-07-14 06:15:06 +0000"
    },
    "done": true
  },
  "webdisplays:webdisplays/screen": {
    "criteria": {
      "has_screen": "2024-07-14 06:14:58 +0000"
    },
    "done": true
  },
  "minecraft:recipes/transportation/dark_oak_boat": {
    "criteria": {
      "entered_water": "2024-07-14 06:16:38 +0000"
    },
    "done": true
  },
  "webdisplays:webdisplays/link_peripheral": {
    "criteria": {
      "link_peripheral": "2024-07-14 06:18:34 +0000"
    },
    "done": true
  },
  "minecraft:recipes/transportation/birch_boat": {
    "criteria": {
      "entered_water": "2024-07-14 06:16:38 +0000"
    },
    "done": true
  },
  "minecraft:recipes/transportation/boat": {
    "criteria": {
      "entered_water": "2024-07-14 06:16:38 +0000"
    },
    "done": true
  },
  "minecraft:recipes/transportation/jungle_boat": {
    "criteria": {
      "entered_water": "2024-07-14 06:16:38 +0000"
    },
    "done": true
  },
  "webdisplays:webdisplays/minepad": {
    "criteria": {
      "has_glass_pane": "2024-07-14 06:19:51 +0000"
    },
    "done": true
  },
  "minecraft:recipes/transportation/spruce_boat": {
    "criteria": {
      "entered_water": "2024-07-14 06:16:38 +0000"
    },
    "done": true
  },
  "minecraft:adventure/adventuring_time": {
    "criteria": {
      "plains": "2024-07-14 06:14:49 +0000"
    },
    "done": false
  },
  "webdisplays:webdisplays/laser": {
    "criteria": {
      "has_laser": "2024-07-14 06:17:04 +0000"
    },
    "done": true
  }
}