{
  "webdisplays:webdisplays/screen": {
    "criteria": {
      "has_screen": "2024-07-14 06:33:47 +0000"
    },
    "done": true
  },
  "webdisplays:webdisplays/link_peripheral": {
    "criteria": {
      "link_peripheral": "2024-07-14 06:36:35 +0000"
    },
    "done": true
  },
  "minecraft:adventure/adventuring_time": {
    "criteria": {
      "taiga": "2024-07-14 06:33:36 +0000"
    },
    "done": false
  },
  "webdisplays:webdisplays/laser": {
    "criteria": {
      "has_laser": "2024-07-14 06:35:35 +0000"
    },
    "done": true
  }
}